cap,dataset_gesture_total,dataset_ngesture_ratio,dataset_no_gesture,dataset_total,error,est_model_kb,hold_acc,hold_bal,hold_f1,hold_ok,model,params,preset,stream_acc,stream_bal,stream_circle,stream_f1,stream_no_g,stream_ok,stream_wave,thr_conf,thr_margin
8,80,0.2,16,96,,-1,61.904761904761905,50.92592592592592,46.21212121212121,False,svm_rbf,"{'C': 2.0, 'gamma': 0.03}",coherence_swap,60.0,64.58541458541458,85.71428571428571,58.30870279146142,27.27272727272727,False,80.76923076923077,0.2,0.0
8,80,0.2,16,96,,-1,61.904761904761905,50.92592592592592,46.21212121212121,False,svm_rbf,"{'C': 2.0, 'gamma': 0.05}",coherence_swap,58.75,62.998112998113,80.95238095238095,57.104454685099846,27.27272727272727,False,80.76923076923077,0.2,0.0
8,80,0.2,16,96,,-1,66.66666666666666,55.092592592592595,49.673202614379086,False,svm_rbf,"{'C': 5.0, 'gamma': 0.03}",coherence_swap,61.25000000000001,65.56221556221557,80.95238095238095,59.23170194003527,27.27272727272727,False,88.46153846153845,0.2,0.0
8,80,0.2,16,96,,-1,71.42857142857143,58.79629629629629,53.40909090909091,False,svm_rbf,"{'C': 5.0, 'gamma': 0.05}",coherence_swap,61.25000000000001,65.29026529026528,80.95238095238095,59.979101358411704,30.303030303030305,False,84.61538461538461,0.2,0.0
8,80,0.2,16,96,,-1,61.904761904761905,50.46296296296296,46.99792960662526,False,svm_rbf,"{'C': 10.0, 'gamma': 0.03}",coherence_swap,60.0,64.31346431346431,85.71428571428571,59.18411164787975,30.303030303030305,False,76.92307692307693,0.2,0.0
8,80,0.2,16,96,,-1,47.61904761904761,52.77777777777778,48.13186813186813,False,svm_rbf,"{'C': 10.0, 'gamma': 0.05}",coherence_swap,56.25,55.883005883005886,52.38095238095239,56.308610400682014,57.57575757575758,False,57.692307692307686,0.7,0.0
8,80,0.2,16,96,,-1,61.904761904761905,50.0,45.2991452991453,False,svm_poly2,"{'C': 1.0, 'gamma': 0.03}",coherence_swap,48.75,54.983904983904985,90.47619047619048,44.77957894115216,9.090909090909092,False,65.38461538461539,0.2,0.0
8,80,0.2,16,96,,-1,57.14285714285714,50.46296296296296,49.83164983164983,False,svm_poly2,"{'C': 1.0, 'gamma': 0.05}",coherence_swap,57.49999999999999,59.201909201909196,71.42857142857143,57.87421030839711,48.484848484848484,False,57.692307692307686,0.7,0.0
8,80,0.2,16,96,,-1,61.904761904761905,58.79629629629629,61.11111111111111,False,svm_poly2,"{'C': 5.0, 'gamma': 0.03}",coherence_swap,55.00000000000001,59.79575979575979,95.23809523809523,54.6031746031746,30.303030303030305,False,53.84615384615385,0.2,0.05
8,80,0.2,16,96,,-1,57.14285714285714,59.25925925925925,53.279352226720654,False,svm_poly2,"{'C': 5.0, 'gamma': 0.05}",coherence_swap,50.0,50.35520035520036,61.904761904761905,49.61935716865294,54.54545454545454,False,34.61538461538461,0.7,0.0
8,80,0.2,16,96,,0.19921875,80.95238095238095,79.62962962962963,81.90476190476191,True,svm_linear,{'C': 0.5},coherence_swap,52.5,55.128205128205124,66.66666666666666,52.66569908079342,33.33333333333333,False,65.38461538461539,0.2,0.05
8,80,0.2,16,96,LogisticRegression.__init__() got an unexpected keyword argument 'multi_class',,,,,,logreg,{'C': 0.5},coherence_swap,,,,,,,,,
8,80,0.2,16,96,,0.19921875,61.904761904761905,63.888888888888886,60.91686091686091,False,svm_linear,{'C': 1.0},coherence_swap,57.49999999999999,58.624708624708624,66.66666666666666,58.32062117776403,51.515151515151516,False,57.692307692307686,0.2,0.15000000000000002
8,80,0.2,16,96,LogisticRegression.__init__() got an unexpected keyword argument 'multi_class',,,,,,logreg,{'C': 1.0},coherence_swap,,,,,,,,,
8,80,0.2,16,96,,0.19921875,66.66666666666666,54.629629629629626,48.88888888888889,False,svm_linear,{'C': 2.0},coherence_swap,51.24999999999999,55.23920523920523,71.42857142857143,49.56301904231172,21.21212121212121,False,73.07692307692307,0.2,0.0
8,80,0.2,16,96,LogisticRegression.__init__() got an unexpected keyword argument 'multi_class',,,,,,logreg,{'C': 2.0},coherence_swap,,,,,,,,,
8,80,0.2,16,96,,0.19921875,52.38095238095239,42.129629629629626,38.73015873015873,False,lda,{'solver': 'svd'},coherence_swap,61.25000000000001,64.74636474636476,80.95238095238095,60.68376068376068,36.36363636363637,False,76.92307692307693,0.2,0.05
8,80,0.2,16,96,,0.19921875,38.095238095238095,33.33333333333333,18.39080459770115,False,lda,{'solver': 'lsqr'},coherence_swap,32.5,33.33333333333333,0.0,16.352201257861633,0.0,False,100.0,0.2,0.0
8,80,0.2,16,96,The covariance matrix of class 0 is not full rank. Increase the value of `reg_param` to reduce the collinearity.,,,,,,qda,{'reg_param': 0.0},coherence_swap,,,,,,,,,
8,80,0.2,16,96,"The covariance matrix of class 2 is not full rank. When using `solver='svd'` the number of samples in each class should be more than the number of features, but class 2 has 12 samples and 16 features. Try using `solver='eigen'` and setting the parameter `shrinkage` for regularization.",,,,,,qda,{'reg_param': 0.1},coherence_swap,,,,,,,,,
8,80,0.2,16,96,"The covariance matrix of class 2 is not full rank. When using `solver='svd'` the number of samples in each class should be more than the number of features, but class 2 has 12 samples and 16 features. Try using `solver='eigen'` and setting the parameter `shrinkage` for regularization.",,,,,,qda,{'reg_param': 0.2},coherence_swap,,,,,,,,,
8,80,0.2,16,96,,-1,57.14285714285714,46.75925925925925,46.85314685314685,False,gnb,{'var_smoothing': 1e-09},coherence_swap,48.75,53.59085359085359,85.71428571428571,48.316877578454545,21.21212121212121,False,53.84615384615385,0.8999999999999999,0.0
8,80,0.2,16,96,,-1,57.14285714285714,46.75925925925925,46.85314685314685,False,gnb,{'var_smoothing': 1e-08},coherence_swap,51.24999999999999,55.611055611055605,85.71428571428571,51.16745688174259,27.27272727272727,False,53.84615384615385,0.8999999999999999,0.0
8,80,0.2,16,96,,-1,80.95238095238095,79.62962962962963,81.90476190476191,True,nearest_centroid,{},coherence_swap,55.00000000000001,58.57475857475857,76.19047619047619,54.90463945140899,30.303030303030305,False,69.23076923076923,0.2,0.0
8,80,0.2,16,96,,0.37109375,61.904761904761905,65.27777777777779,65.16816516816517,False,decision_tree,"{'max_depth': 4, 'min_samples_leaf': 2}",coherence_swap,66.25,65.86746586746587,52.38095238095239,64.99999999999999,60.60606060606061,False,84.61538461538461,0.2,0.0
8,80,0.2,16,96,,0.52734375,61.904761904761905,64.81481481481481,66.2907268170426,False,decision_tree,"{'max_depth': 6, 'min_samples_leaf': 2}",coherence_swap,58.75,57.53135753135753,38.095238095238095,57.075632544499754,57.57575757575758,False,76.92307692307693,0.2,0.0
8,80,0.2,16,96,,0.60546875,57.14285714285714,60.64814814814815,62.77622159975101,False,decision_tree,"{'max_depth': 8, 'min_samples_leaf': 2}",coherence_swap,60.0,58.846708846708836,42.857142857142854,58.73808074660175,60.60606060606061,False,73.07692307692307,0.2,0.0
8,80,0.2,16,96,,0.94921875,71.42857142857143,67.12962962962963,70.27417027417027,False,mlp_tiny,"{'hidden': (12,), 'alpha': 0.0001}",coherence_swap,61.25000000000001,63.62526362526363,76.19047619047619,61.441869677163794,45.45454545454545,False,69.23076923076923,0.2,0.0
8,80,0.2,16,96,,0.94921875,71.42857142857143,67.12962962962963,70.27417027417027,False,mlp_tiny,"{'hidden': (12,), 'alpha': 0.001}",coherence_swap,61.25000000000001,63.62526362526363,76.19047619047619,61.441869677163794,45.45454545454545,False,69.23076923076923,0.2,0.0
8,80,0.2,16,96,,1.69921875,52.38095238095239,42.59259259259259,39.33747412008282,False,mlp_tiny,"{'hidden': (16, 8), 'alpha': 0.0001}",coherence_swap,55.00000000000001,58.0974580974581,85.71428571428571,55.465768799102136,42.42424242424242,False,46.15384615384615,0.49999999999999994,0.0
8,80,0.2,16,96,,1.69921875,52.38095238095239,42.59259259259259,39.33747412008282,False,mlp_tiny,"{'hidden': (16, 8), 'alpha': 0.001}",coherence_swap,55.00000000000001,58.0974580974581,85.71428571428571,55.465768799102136,42.42424242424242,False,46.15384615384615,0.49999999999999994,0.0
8,80,0.2,16,96,,2.91796875,47.61904761904761,43.05555555555555,43.57864357864358,False,mlp_tiny,"{'hidden': (24, 12), 'alpha': 0.0001}",coherence_swap,60.0,63.192363192363196,80.95238095238095,59.805683279601155,39.39393939393939,False,69.23076923076923,0.2,0.0
8,80,0.2,16,96,,2.91796875,52.38095238095239,47.222222222222214,49.29292929292928,False,mlp_tiny,"{'hidden': (24, 12), 'alpha': 0.001}",coherence_swap,60.0,63.46431346431346,80.95238095238095,59.536407155454775,36.36363636363637,False,73.07692307692307,0.2,0.0
12,80,0.3,24,104,,-1,66.66666666666666,66.73280423280423,66.04658957600135,False,svm_rbf,"{'C': 2.0, 'gamma': 0.03}",coherence_swap,57.49999999999999,59.168609168609166,66.66666666666666,57.838041431261765,45.45454545454545,False,65.38461538461539,0.7,0.0
12,80,0.3,24,104,,-1,70.83333333333334,71.03174603174604,71.62698412698413,True,svm_rbf,"{'C': 2.0, 'gamma': 0.05}",coherence_swap,62.5,66.02841602841603,80.95238095238095,62.1562420696932,36.36363636363637,False,80.76923076923077,0.2,0.0
12,80,0.3,24,104,,-1,79.16666666666666,78.43915343915344,79.04761904761905,True,svm_rbf,"{'C': 5.0, 'gamma': 0.03}",coherence_swap,62.5,65.45121545121545,76.19047619047619,62.68924779820665,39.39393939393939,False,80.76923076923077,0.2,0.0
12,80,0.3,24,104,,-1,75.0,73.08201058201057,72.74531024531025,False,svm_rbf,"{'C': 5.0, 'gamma': 0.05}",coherence_swap,60.0,62.309912309912306,71.42857142857143,60.81766039749233,42.42424242424242,False,73.07692307692307,0.2,0.05
12,80,0.3,24,104,,-1,70.83333333333334,68.91534391534391,69.0909090909091,False,svm_rbf,"{'C': 10.0, 'gamma': 0.03}",coherence_swap,57.49999999999999,59.71250971250971,66.66666666666666,57.92201938246563,39.39393939393939,False,73.07692307692307,0.2,0.0
12,80,0.3,24,104,,-1,70.83333333333334,68.32010582010581,66.74242424242425,False,svm_rbf,"{'C': 10.0, 'gamma': 0.05}",coherence_swap,65.0,66.58896658896658,66.66666666666666,65.03610528767761,48.484848484848484,False,84.61538461538461,0.2,0.0
12,80,0.3,24,104,,-1,70.83333333333334,70.43650793650794,70.18602312719958,False,svm_poly2,"{'C': 1.0, 'gamma': 0.03}",coherence_swap,58.75,59.634809634809635,66.66666666666666,59.17830398704715,54.54545454545454,False,57.692307692307686,0.7,0.0
12,80,0.3,24,104,,-1,62.5,61.64021164021164,62.48196248196248,False,svm_poly2,"{'C': 1.0, 'gamma': 0.05}",coherence_swap,58.75,62.48751248751249,85.71428571428571,59.67604433077579,36.36363636363637,False,65.38461538461539,0.2,0.0
12,80,0.3,24,104,,-1,66.66666666666666,65.34391534391534,65.51226551226551,False,svm_poly2,"{'C': 5.0, 'gamma': 0.03}",coherence_swap,60.0,63.46431346431346,80.95238095238095,60.43297101449275,36.36363636363637,False,73.07692307692307,0.2,0.0
12,80,0.3,24,104,,-1,66.66666666666666,64.74867724867724,64.71861471861472,False,svm_poly2,"{'C': 5.0, 'gamma': 0.05}",coherence_swap,56.25,59.04095904095904,76.19047619047619,56.506746961079514,39.39393939393939,False,61.53846153846154,0.2,0.0
12,80,0.3,24,104,,0.19921875,58.333333333333336,57.341269841269835,57.75296827928407,False,svm_linear,{'C': 0.5},coherence_swap,56.25,55.61105561105562,52.38095238095239,56.4267980651011,60.60606060606061,False,53.84615384615385,0.2,0.15000000000000002
12,80,0.3,24,104,LogisticRegression.__init__() got an unexpected keyword argument 'multi_class',,,,,,logreg,{'C': 0.5},coherence_swap,,,,,,,,,
12,80,0.3,24,104,,0.19921875,58.333333333333336,57.341269841269835,57.75296827928407,False,svm_linear,{'C': 1.0},coherence_swap,61.25000000000001,61.077811077811084,61.904761904761905,61.250173828396605,63.63636363636363,False,57.692307692307686,0.2,0.15000000000000002
12,80,0.3,24,104,LogisticRegression.__init__() got an unexpected keyword argument 'multi_class',,,,,,logreg,{'C': 1.0},coherence_swap,,,,,,,,,
12,80,0.3,24,104,,0.19921875,58.333333333333336,57.473544973544975,56.666666666666664,False,svm_linear,{'C': 2.0},coherence_swap,58.75,61.57176157176158,71.42857142857143,58.44220746769473,36.36363636363637,False,76.92307692307693,0.2,0.0
12,80,0.3,24,104,LogisticRegression.__init__() got an unexpected keyword argument 'multi_class',,,,,,logreg,{'C': 2.0},coherence_swap,,,,,,,,,
12,80,0.3,24,104,,0.19921875,58.333333333333336,56.87830687830687,56.942355889724304,False,lda,{'solver': 'svd'},coherence_swap,61.25000000000001,63.5919635919636,71.42857142857143,61.09090909090909,42.42424242424242,False,76.92307692307693,0.2,0.0
12,80,0.3,24,104,,0.19921875,33.33333333333333,33.33333333333333,16.666666666666664,False,lda,{'solver': 'lsqr'},coherence_swap,41.25,33.33333333333333,0.0,19.469026548672566,100.0,False,0.0,0.2,0.0
12,80,0.3,24,104,The covariance matrix of class 0 is not full rank. Increase the value of `reg_param` to reduce the collinearity.,,,,,,qda,{'reg_param': 0.0},coherence_swap,,,,,,,,,
12,80,0.3,24,104,,-1,70.83333333333334,69.84126984126982,69.24242424242424,False,qda,{'reg_param': 0.1},coherence_swap,62.5,60.38961038961038,52.38095238095239,61.86926242481798,78.78787878787878,False,50.0,0.7499999999999999,0.0
12,80,0.3,24,104,,-1,70.83333333333334,69.97354497354497,70.51282051282051,False,qda,{'reg_param': 0.2},coherence_swap,65.0,65.53446553446554,71.42857142857143,65.24216524216526,63.63636363636363,False,61.53846153846154,0.2,0.25
12,80,0.3,24,104,,-1,66.66666666666666,66.4021164021164,67.36596736596736,True,gnb,{'var_smoothing': 1e-09},coherence_swap,50.0,55.41680541680542,85.71428571428571,48.596475822503216,15.151515151515152,False,65.38461538461539,0.7,0.0
12,80,0.3,24,104,,-1,66.66666666666666,66.4021164021164,67.36596736596736,True,gnb,{'var_smoothing': 1e-08},coherence_swap,51.24999999999999,56.426906426906434,85.71428571428571,50.30587753190493,18.181818181818183,False,65.38461538461539,0.2,0.2
12,80,0.3,24,104,,-1,66.66666666666666,66.4021164021164,66.38888888888889,True,nearest_centroid,{},coherence_swap,57.49999999999999,58.86335886335886,61.904761904761905,57.73993808049536,45.45454545454545,False,69.23076923076923,0.2,0.0
12,80,0.3,24,104,,0.44921875,50.0,47.222222222222214,39.61352657004831,False,decision_tree,"{'max_depth': 4, 'min_samples_leaf': 2}",coherence_swap,46.25,44.57209457209457,57.14285714285714,39.2063492063492,72.72727272727273,False,3.8461538461538463,0.8999999999999999,0.0
12,80,0.3,24,104,,0.56640625,54.166666666666664,53.042328042328045,51.692362218678014,False,decision_tree,"{'max_depth': 6, 'min_samples_leaf': 2}",coherence_swap,67.5,66.0950160950161,57.14285714285714,66.95498185224213,75.75757575757575,False,65.38461538461539,0.7,0.0
12,80,0.3,24,104,,0.56640625,54.166666666666664,53.042328042328045,51.692362218678014,False,decision_tree,"{'max_depth': 8, 'min_samples_leaf': 2}",coherence_swap,67.5,66.0950160950161,57.14285714285714,66.95498185224213,75.75757575757575,False,65.38461538461539,0.7,0.0
12,80,0.3,24,104,,0.94921875,75.0,74.60317460317461,73.67186190715603,False,mlp_tiny,"{'hidden': (12,), 'alpha': 0.0001}",coherence_swap,65.0,64.92396492396493,61.904761904761905,65.12593198763412,63.63636363636363,False,69.23076923076923,0.2,0.2
12,80,0.3,24,104,,0.94921875,75.0,75.1984126984127,75.47385620915034,True,mlp_tiny,"{'hidden': (12,), 'alpha': 0.001}",coherence_swap,65.0,65.5011655011655,66.66666666666666,65.33855633960273,60.60606060606061,True,69.23076923076923,0.2,0.05
12,80,0.3,24,104,,1.69921875,70.83333333333334,69.97354497354497,70.51282051282051,False,mlp_tiny,"{'hidden': (16, 8), 'alpha': 0.0001}",coherence_swap,62.5,64.05816405816405,71.42857142857143,62.952999381570805,51.515151515151516,True,69.23076923076923,0.2,0.0
12,80,0.3,24,104,,1.69921875,70.83333333333334,69.97354497354497,70.51282051282051,False,mlp_tiny,"{'hidden': (16, 8), 'alpha': 0.001}",coherence_swap,62.5,64.05816405816405,71.42857142857143,62.84479717813052,51.515151515151516,True,69.23076923076923,0.2,0.0
12,80,0.3,24,104,,2.91796875,62.5,63.029100529100525,63.23232323232323,False,mlp_tiny,"{'hidden': (24, 12), 'alpha': 0.0001}",coherence_swap,68.75,66.52791652791653,52.38095238095239,67.36136136136138,81.81818181818183,False,65.38461538461539,0.7,0.0
12,80,0.3,24,104,,2.91796875,70.83333333333334,70.8994708994709,70.70707070707071,False,mlp_tiny,"{'hidden': (24, 12), 'alpha': 0.001}",coherence_swap,72.5,71.25652125652125,61.904761904761905,71.62404092071611,78.78787878787878,False,73.07692307692307,0.2,0.30000000000000004
16,80,0.4,32,112,,-1,54.54545454545454,54.722222222222214,57.467532467532465,False,svm_rbf,"{'C': 2.0, 'gamma': 0.03}",coherence_swap,58.75,62.52081252081253,90.47619047619048,58.75533724127949,39.39393939393939,False,57.692307692307686,0.2,0.0
16,80,0.4,32,112,,-1,50.0,50.55555555555556,50.660450660450664,False,svm_rbf,"{'C': 2.0, 'gamma': 0.05}",coherence_swap,63.74999999999999,67.4103674103674,95.23809523809523,64.14488017429196,45.45454545454545,False,61.53846153846154,0.2,0.0
16,80,0.4,32,112,,-1,54.54545454545454,54.722222222222214,55.55555555555555,False,svm_rbf,"{'C': 5.0, 'gamma': 0.03}",coherence_swap,63.74999999999999,67.4103674103674,95.23809523809523,64.14488017429196,45.45454545454545,False,61.53846153846154,0.2,0.0
16,80,0.4,32,112,,-1,54.54545454545454,54.722222222222214,55.55555555555555,False,svm_rbf,"{'C': 5.0, 'gamma': 0.05}",coherence_swap,62.5,65.007215007215,90.47619047619048,62.49359959037378,54.54545454545454,False,50.0,0.2,0.0
16,80,0.4,32,112,,-1,54.54545454545454,54.722222222222214,55.55555555555555,False,svm_rbf,"{'C': 10.0, 'gamma': 0.03}",coherence_swap,62.5,65.007215007215,90.47619047619048,62.45257953627238,54.54545454545454,False,50.0,0.2,0.0
16,80,0.4,32,112,,-1,50.0,51.01851851851852,50.23310023310024,False,svm_rbf,"{'C': 10.0, 'gamma': 0.05}",coherence_swap,68.75,68.87001887001887,76.19047619047619,68.3030303030303,72.72727272727273,False,57.692307692307686,0.2,0.0
16,80,0.4,32,112,,-1,59.09090909090909,61.38888888888888,62.96296296296296,False,svm_poly2,"{'C': 1.0, 'gamma': 0.03}",coherence_swap,61.25000000000001,64.54101454101455,90.47619047619048,61.91919191919192,45.45454545454545,False,57.692307692307686,0.2,0.0
16,80,0.4,32,112,,-1,54.54545454545454,54.722222222222214,57.467532467532465,False,svm_poly2,"{'C': 1.0, 'gamma': 0.05}",coherence_swap,61.25000000000001,64.81296481296481,90.47619047619048,61.943241943241944,42.42424242424242,False,61.53846153846154,0.2,0.0
16,80,0.4,32,112,,-1,50.0,56.481481481481474,50.71225071225071,False,svm_poly2,"{'C': 5.0, 'gamma': 0.03}",coherence_swap,51.24999999999999,50.21090021090021,52.38095238095239,50.36549707602339,63.63636363636363,False,34.61538461538461,0.7,0.0
16,80,0.4,32,112,,-1,54.54545454545454,54.25925925925926,53.62318840579711,False,svm_poly2,"{'C': 5.0, 'gamma': 0.05}",coherence_swap,61.25000000000001,65.15151515151516,100.0,61.430113583028245,45.45454545454545,False,50.0,0.2,0.0
16,80,0.4,32,112,,0.19921875,63.63636363636363,68.5185185185185,65.16339869281046,False,svm_linear,{'C': 0.5},coherence_swap,60.0,61.46076146076146,66.66666666666666,60.3395225464191,48.484848484848484,False,69.23076923076923,0.2,0.0
16,80,0.4,32,112,LogisticRegression.__init__() got an unexpected keyword argument 'multi_class',,,,,,logreg,{'C': 0.5},coherence_swap,,,,,,,,,
16,80,0.4,32,112,,0.19921875,63.63636363636363,68.5185185185185,65.16339869281046,False,svm_linear,{'C': 1.0},coherence_swap,61.25000000000001,62.47086247086248,66.66666666666666,61.67933840202748,51.515151515151516,True,69.23076923076923,0.2,0.0
16,80,0.4,32,112,LogisticRegression.__init__() got an unexpected keyword argument 'multi_class',,,,,,logreg,{'C': 1.0},coherence_swap,,,,,,,,,
16,80,0.4,32,112,,0.19921875,63.63636363636363,68.5185185185185,65.16339869281046,False,svm_linear,{'C': 2.0},coherence_swap,60.0,62.03796203796203,71.42857142857143,60.30404064459791,45.45454545454545,False,69.23076923076923,0.2,0.0
16,80,0.4,32,112,LogisticRegression.__init__() got an unexpected keyword argument 'multi_class',,,,,,logreg,{'C': 2.0},coherence_swap,,,,,,,,,
16,80,0.4,32,112,,0.19921875,59.09090909090909,64.35185185185185,60.58201058201059,False,lda,{'solver': 'svd'},coherence_swap,58.75,61.91031191031192,80.95238095238095,58.753133658794034,39.39393939393939,False,65.38461538461539,0.2,0.0
16,80,0.4,32,112,,0.19921875,40.909090909090914,33.33333333333333,19.35483870967742,False,lda,{'solver': 'lsqr'},coherence_swap,26.25,33.33333333333333,100.0,13.86138613861386,0.0,False,0.0,0.2,0.0
16,80,0.4,32,112,The covariance matrix of class 0 is not full rank. Increase the value of `reg_param` to reduce the collinearity.,,,,,,qda,{'reg_param': 0.0},coherence_swap,,,,,,,,,
16,80,0.4,32,112,,-1,63.63636363636363,68.05555555555554,67.6190476190476,False,qda,{'reg_param': 0.1},coherence_swap,62.5,65.51781551781552,85.71428571428571,62.98139970560685,45.45454545454545,False,65.38461538461539,0.2,0.0
16,80,0.4,32,112,,-1,63.63636363636363,68.05555555555554,67.6190476190476,False,qda,{'reg_param': 0.2},coherence_swap,61.25000000000001,64.81296481296481,90.47619047619048,61.5948794976928,42.42424242424242,False,61.53846153846154,0.2,0.0
16,80,0.4,32,112,,-1,59.09090909090909,58.88888888888889,60.317460317460316,False,gnb,{'var_smoothing': 1e-09},coherence_swap,56.25,59.89010989010989,80.95238095238095,57.15594092442505,33.33333333333333,False,65.38461538461539,0.8999999999999999,0.0
16,80,0.4,32,112,,-1,59.09090909090909,58.88888888888889,61.82539682539683,False,gnb,{'var_smoothing': 1e-08},coherence_swap,55.00000000000001,59.45720945720946,85.71428571428571,55.20982069225513,27.27272727272727,False,65.38461538461539,0.7,0.0
16,80,0.4,32,112,,-1,59.09090909090909,64.35185185185185,64.21052631578948,False,nearest_centroid,{},coherence_swap,58.75,61.60506160506159,76.19047619047619,59.05747126436781,39.39393939393939,False,69.23076923076923,0.2,0.0
16,80,0.4,32,112,,0.37109375,54.54545454545454,56.1111111111111,55.55555555555555,False,decision_tree,"{'max_depth': 4, 'min_samples_leaf': 2}",coherence_swap,72.5,72.1056721056721,66.66666666666666,71.67659597358758,72.72727272727273,True,76.92307692307693,0.2,0.0
16,80,0.4,32,112,,0.56640625,54.54545454545454,55.648148148148145,56.427015250544656,False,decision_tree,"{'max_depth': 6, 'min_samples_leaf': 2}",coherence_swap,73.75,72.60517260517261,71.42857142857143,72.32569805919523,84.84848484848484,False,61.53846153846154,0.2,0.0
16,80,0.4,32,112,,0.56640625,54.54545454545454,55.648148148148145,56.427015250544656,False,decision_tree,"{'max_depth': 8, 'min_samples_leaf': 2}",coherence_swap,73.75,72.60517260517261,71.42857142857143,72.32569805919523,84.84848484848484,False,61.53846153846154,0.2,0.0
16,80,0.4,32,112,,0.94921875,50.0,51.01851851851852,54.2063492063492,False,mlp_tiny,"{'hidden': (12,), 'alpha': 0.0001}",coherence_swap,63.74999999999999,66.52791652791653,85.71428571428571,64.23926134082697,48.484848484848484,False,65.38461538461539,0.2,0.0
16,80,0.4,32,112,,0.94921875,50.0,51.01851851851852,54.2063492063492,False,mlp_tiny,"{'hidden': (12,), 'alpha': 0.001}",coherence_swap,62.5,64.94061494061495,80.95238095238095,63.24066010138228,48.484848484848484,False,65.38461538461539,0.2,0.0
16,80,0.4,32,112,,1.69921875,59.09090909090909,64.81481481481481,60.37491919844861,False,mlp_tiny,"{'hidden': (16, 8), 'alpha': 0.0001}",coherence_swap,73.75,72.57187257187258,66.66666666666666,72.96830927492948,81.81818181818183,True,69.23076923076923,0.5499999999999999,0.0
16,80,0.4,32,112,,1.69921875,45.45454545454545,50.27777777777778,46.209150326797385,False,mlp_tiny,"{'hidden': (16, 8), 'alpha': 0.001}",coherence_swap,66.25,65.3901653901654,61.904761904761905,65.73268921095008,72.72727272727273,False,61.53846153846154,0.2,0.30000000000000004
16,80,0.4,32,112,,2.91796875,72.72727272727273,75.92592592592592,72.85200179937023,False,mlp_tiny,"{'hidden': (24, 12), 'alpha': 0.0001}",coherence_swap,66.25,67.36041736041737,71.42857142857143,66.12159329140461,57.57575757575758,True,73.07692307692307,0.2,0.0
16,80,0.4,32,112,,2.91796875,68.18181818181817,72.22222222222221,68.37606837606836,False,mlp_tiny,"{'hidden': (24, 12), 'alpha': 0.001}",coherence_swap,67.5,67.79331779331778,66.66666666666666,67.22947459272845,63.63636363636363,True,73.07692307692307,0.2,0.0
20,80,0.5,40,120,,-1,64.0,64.4047619047619,63.471673254281946,False,svm_rbf,"{'C': 2.0, 'gamma': 0.03}",coherence_swap,73.75,75.42457542457542,85.71428571428571,73.88888888888889,63.63636363636363,True,76.92307692307693,0.2,0.0
20,80,0.5,40,120,,-1,60.0,61.07142857142856,59.84848484848485,False,svm_rbf,"{'C': 2.0, 'gamma': 0.05}",coherence_swap,73.75,74.84737484737485,80.95238095238095,73.71791483889153,66.66666666666666,True,76.92307692307693,0.2,0.0
20,80,0.5,40,120,,-1,60.0,61.07142857142856,59.84848484848485,False,svm_rbf,"{'C': 5.0, 'gamma': 0.03}",coherence_swap,75.0,75.28027528027529,76.19047619047619,74.59552126861674,72.72727272727273,True,76.92307692307693,0.2,0.0
20,80,0.5,40,120,,-1,64.0,65.23809523809524,64.56043956043956,False,svm_rbf,"{'C': 5.0, 'gamma': 0.05}",coherence_swap,75.0,74.70307470307472,71.42857142857143,74.44746376811594,75.75757575757575,True,76.92307692307693,0.2,0.05
20,80,0.5,40,120,,-1,60.0,61.07142857142856,59.84848484848485,False,svm_rbf,"{'C': 10.0, 'gamma': 0.03}",coherence_swap,73.75,73.3877233877234,66.66666666666666,73.13766086144602,72.72727272727273,True,80.76923076923077,0.2,0.0
20,80,0.5,40,120,,-1,72.0,71.9047619047619,72.27265488135053,True,svm_rbf,"{'C': 10.0, 'gamma': 0.05}",coherence_swap,80.0,78.98212898212898,66.66666666666666,78.84534752459281,81.81818181818183,True,88.46153846153845,0.2,0.05
20,80,0.5,40,120,,-1,56.00000000000001,57.14285714285715,57.14285714285715,False,svm_poly2,"{'C': 1.0, 'gamma': 0.03}",coherence_swap,63.74999999999999,63.369963369963365,61.904761904761905,63.71204746674084,66.66666666666666,False,61.53846153846154,0.2,0.05
20,80,0.5,40,120,,-1,56.00000000000001,57.14285714285715,56.66666666666666,False,svm_poly2,"{'C': 1.0, 'gamma': 0.05}",coherence_swap,63.74999999999999,64.79631479631479,71.42857142857143,64.1514258414416,57.57575757575758,True,65.38461538461539,0.2,0.0
20,80,0.5,40,120,,-1,56.00000000000001,57.14285714285715,57.14285714285715,False,svm_poly2,"{'C': 5.0, 'gamma': 0.03}",coherence_swap,67.5,68.0985680985681,71.42857142857143,68.02063185041908,63.63636363636363,True,69.23076923076923,0.2,0.05
20,80,0.5,40,120,,-1,60.0,61.904761904761905,61.111111111111114,False,svm_poly2,"{'C': 5.0, 'gamma': 0.05}",coherence_swap,65.0,64.6853146853147,66.66666666666666,64.80805275945852,69.6969696969697,False,57.692307692307686,0.2,0.0
20,80,0.5,40,120,,0.19921875,56.00000000000001,58.214285714285715,57.1948051948052,False,svm_linear,{'C': 0.5},coherence_swap,63.74999999999999,61.67166167166167,52.38095238095239,63.19191284307563,78.78787878787878,False,53.84615384615385,0.49999999999999994,0.0
20,80,0.5,40,120,LogisticRegression.__init__() got an unexpected keyword argument 'multi_class',,,,,,logreg,{'C': 0.5},coherence_swap,,,,,,,,,
20,80,0.5,40,120,,0.19921875,56.00000000000001,57.97619047619048,57.993966817496236,False,svm_linear,{'C': 1.0},coherence_swap,60.0,60.61161061161061,61.904761904761905,60.23242630385487,54.54545454545454,False,65.38461538461539,0.2,0.0
20,80,0.5,40,120,LogisticRegression.__init__() got an unexpected keyword argument 'multi_class',,,,,,logreg,{'C': 1.0},coherence_swap,,,,,,,,,
20,80,0.5,40,120,,0.19921875,56.00000000000001,57.97619047619048,57.993966817496236,False,svm_linear,{'C': 2.0},coherence_swap,61.25000000000001,61.893661893661886,61.904761904761905,61.487335359675775,54.54545454545454,False,69.23076923076923,0.2,0.0
20,80,0.5,40,120,LogisticRegression.__init__() got an unexpected keyword argument 'multi_class',,,,,,logreg,{'C': 2.0},coherence_swap,,,,,,,,,
20,80,0.5,40,120,,0.19921875,60.0,62.142857142857146,61.35531135531135,False,lda,{'solver': 'svd'},coherence_swap,65.0,65.77311577311576,66.66666666666666,65.23227648547342,57.57575757575758,True,73.07692307692307,0.2,0.0
20,80,0.5,40,120,,0.19921875,40.0,33.33333333333333,19.047619047619047,False,lda,{'solver': 'lsqr'},coherence_swap,26.25,33.33333333333333,100.0,13.86138613861386,0.0,False,0.0,0.2,0.0
20,80,0.5,40,120,The covariance matrix of class 0 is not full rank. Increase the value of `reg_param` to reduce the collinearity.,,,,,,qda,{'reg_param': 0.0},coherence_swap,,,,,,,,,
20,80,0.5,40,120,,-1,56.00000000000001,56.30952380952381,56.27705627705628,False,qda,{'reg_param': 0.1},coherence_swap,57.49999999999999,61.444111444111435,80.95238095238095,57.136752136752136,30.303030303030305,False,73.07692307692307,0.44999999999999996,0.0
20,80,0.5,40,120,,-1,60.0,60.476190476190474,60.63492063492063,False,qda,{'reg_param': 0.2},coherence_swap,63.74999999999999,66.22266622266622,80.95238095238095,64.31951089845826,48.484848484848484,False,69.23076923076923,0.5499999999999999,0.0
20,80,0.5,40,120,,-1,52.0,51.3095238095238,50.21367521367522,False,gnb,{'var_smoothing': 1e-09},coherence_swap,55.00000000000001,59.45720945720946,85.71428571428571,55.314086367422824,27.27272727272727,False,65.38461538461539,0.8499999999999999,0.0
20,80,0.5,40,120,,-1,56.00000000000001,55.47619047619047,55.454690237298934,False,gnb,{'var_smoothing': 1e-08},coherence_swap,58.75,62.48751248751249,85.71428571428571,59.38768115942029,36.36363636363637,False,65.38461538461539,0.8999999999999999,0.0
20,80,0.5,40,120,,-1,48.0,50.476190476190474,49.73544973544974,False,nearest_centroid,{},coherence_swap,57.49999999999999,58.59140859140859,61.904761904761905,58.31124030486136,48.484848484848484,False,65.38461538461539,0.2,0.0
20,80,0.5,40,120,,0.48828125,48.0,50.71428571428571,47.16374269005848,False,decision_tree,"{'max_depth': 4, 'min_samples_leaf': 2}",coherence_swap,56.25,53.6075036075036,38.095238095238095,54.0829346092504,72.72727272727273,False,50.0,0.2,0.05
20,80,0.5,40,120,,0.76171875,60.0,61.30952380952381,60.84656084656085,False,decision_tree,"{'max_depth': 6, 'min_samples_leaf': 2}",coherence_swap,57.49999999999999,55.366855366855376,28.57142857142857,54.13940897811865,60.60606060606061,False,76.92307692307693,0.2,0.0
20,80,0.5,40,120,,0.76171875,60.0,61.30952380952381,60.84656084656085,False,decision_tree,"{'max_depth': 8, 'min_samples_leaf': 2}",coherence_swap,57.49999999999999,55.366855366855376,28.57142857142857,54.13940897811865,60.60606060606061,False,76.92307692307693,0.2,0.0
20,80,0.5,40,120,,0.94921875,56.00000000000001,57.14285714285715,57.14285714285715,False,mlp_tiny,"{'hidden': (12,), 'alpha': 0.0001}",coherence_swap,76.25,73.74292374292374,61.904761904761905,75.0603197971619,93.93939393939394,False,65.38461538461539,0.2,0.1
20,80,0.5,40,120,,0.94921875,52.0,53.80952380952381,53.53088603862598,False,mlp_tiny,"{'hidden': (12,), 'alpha': 0.001}",coherence_swap,73.75,71.45077145077146,61.904761904761905,72.44689419108022,90.9090909090909,False,61.53846153846154,0.2,0.15000000000000002
20,80,0.5,40,120,,1.69921875,52.0,54.64285714285714,54.07239819004525,False,mlp_tiny,"{'hidden': (16, 8), 'alpha': 0.0001}",coherence_swap,65.0,61.494061494061505,38.095238095238095,62.147210501640885,84.84848484848484,False,61.53846153846154,0.7499999999999999,0.0
20,80,0.5,40,120,,1.69921875,52.0,53.80952380952381,53.80952380952381,False,mlp_tiny,"{'hidden': (16, 8), 'alpha': 0.001}",coherence_swap,68.75,66.52791652791653,52.38095238095239,66.92590531367877,81.81818181818183,False,65.38461538461539,0.2,0.0
20,80,0.5,40,120,,2.91796875,56.00000000000001,58.57142857142858,57.167755991285404,False,mlp_tiny,"{'hidden': (24, 12), 'alpha': 0.0001}",coherence_swap,70.0,67.53801753801754,52.38095238095239,67.858596430025,84.84848484848484,False,65.38461538461539,0.2,0.0
20,80,0.5,40,120,,2.91796875,56.00000000000001,59.404761904761905,56.71052631578948,False,mlp_tiny,"{'hidden': (24, 12), 'alpha': 0.001}",coherence_swap,68.75,66.25596625596626,52.38095238095239,66.88216996391688,84.84848484848484,False,61.53846153846154,0.2,0.15000000000000002
24,80,0.6,48,128,,-1,45.0,51.298701298701296,40.452488687782804,False,svm_rbf,"{'C': 2.0, 'gamma': 0.03}",coherence_swap,70.0,64.8906648906649,23.809523809523807,64.43718228031953,93.93939393939394,False,76.92307692307693,0.2,0.0
24,80,0.6,48,128,,-1,60.0,60.38961038961038,54.13165266106442,False,svm_rbf,"{'C': 2.0, 'gamma': 0.05}",coherence_swap,71.25,66.47796647796648,28.57142857142857,65.94390842756856,93.93939393939394,False,76.92307692307693,0.2,0.0
24,80,0.6,48,128,,-1,60.0,60.38961038961038,54.13165266106442,False,svm_rbf,"{'C': 5.0, 'gamma': 0.03}",coherence_swap,76.25,73.98157398157399,57.14285714285714,74.42646937697738,87.87878787878788,False,76.92307692307693,0.2,0.0
24,80,0.6,48,128,,-1,60.0,74.02597402597402,58.333333333333336,False,svm_rbf,"{'C': 5.0, 'gamma': 0.05}",coherence_swap,82.5,79.88122988122988,61.904761904761905,80.62678062678063,96.96969696969697,False,80.76923076923077,0.2,0.0
24,80,0.6,48,128,,-1,60.0,74.02597402597402,59.2436974789916,False,svm_rbf,"{'C': 10.0, 'gamma': 0.03}",coherence_swap,80.0,77.28382728382729,57.14285714285714,77.74529778250215,93.93939393939394,False,80.76923076923077,0.2,0.0
24,80,0.6,48,128,,-1,55.00000000000001,70.99567099567099,53.529411764705884,False,svm_rbf,"{'C': 10.0, 'gamma': 0.05}",coherence_swap,78.75,75.72982572982573,57.14285714285714,76.81045751633988,96.96969696969697,False,73.07692307692307,0.2,0.0
24,80,0.6,48,128,,-1,40.0,46.53679653679654,38.88888888888889,False,svm_poly2,"{'C': 1.0, 'gamma': 0.03}",coherence_swap,62.5,57.47030747030747,23.809523809523807,57.47733955432432,90.9090909090909,False,57.692307692307686,0.2,0.0
24,80,0.6,48,128,,-1,45.0,51.298701298701296,41.19047619047618,False,svm_poly2,"{'C': 1.0, 'gamma': 0.05}",coherence_swap,71.25,68.85336885336885,57.14285714285714,70.11165011165012,87.87878787878788,False,61.53846153846154,0.2,0.0
24,80,0.6,48,128,,-1,50.0,52.5974025974026,46.24183006535947,False,svm_poly2,"{'C': 5.0, 'gamma': 0.03}",coherence_swap,70.0,67.57131757131756,57.14285714285714,68.78101937209819,87.87878787878788,False,57.692307692307686,0.2,0.0
24,80,0.6,48,128,,-1,65.0,61.68831168831169,59.36507936507937,False,svm_poly2,"{'C': 5.0, 'gamma': 0.05}",coherence_swap,71.25,70.31302031302032,71.42857142857143,70.64062092733644,81.81818181818183,False,57.692307692307686,0.2,0.0
24,80,0.6,48,128,,0.19921875,45.0,63.20346320346321,46.92307692307692,False,svm_linear,{'C': 0.5},coherence_swap,63.74999999999999,59.05760905760905,28.57142857142857,59.77619012903696,90.9090909090909,False,57.692307692307686,0.49999999999999994,0.0
24,80,0.6,48,128,LogisticRegression.__init__() got an unexpected keyword argument 'multi_class',,,,,,logreg,{'C': 0.5},coherence_swap,,,,,,,,,
24,80,0.6,48,128,,0.19921875,45.0,63.20346320346321,46.92307692307692,False,svm_linear,{'C': 1.0},coherence_swap,65.0,59.49050949050949,23.809523809523807,59.924328711886155,96.96969696969697,False,57.692307692307686,0.2,0.2
24,80,0.6,48,128,LogisticRegression.__init__() got an unexpected keyword argument 'multi_class',,,,,,logreg,{'C': 1.0},coherence_swap,,,,,,,,,
24,80,0.6,48,128,,0.19921875,45.0,63.20346320346321,46.92307692307692,False,svm_linear,{'C': 2.0},coherence_swap,65.0,60.06771006771007,28.57142857142857,60.823601040571205,93.93939393939394,False,57.692307692307686,0.2,0.2
24,80,0.6,48,128,LogisticRegression.__init__() got an unexpected keyword argument 'multi_class',,,,,,logreg,{'C': 2.0},coherence_swap,,,,,,,,,
24,80,0.6,48,128,,0.19921875,45.0,63.20346320346321,46.92307692307692,False,lda,{'solver': 'svd'},coherence_swap,65.0,59.79575979575979,28.57142857142857,60.80745341614907,96.96969696969697,False,53.84615384615385,0.7499999999999999,0.0
24,80,0.6,48,128,,0.19921875,10.0,33.33333333333333,6.0606060606060606,False,lda,{'solver': 'lsqr'},coherence_swap,41.25,33.33333333333333,0.0,19.469026548672566,100.0,False,0.0,0.2,0.0
24,80,0.6,48,128,The covariance matrix of class 0 is not full rank. Increase the value of `reg_param` to reduce the collinearity.,,,,,,qda,{'reg_param': 0.0},coherence_swap,,,,,,,,,
24,80,0.6,48,128,,-1,65.0,77.05627705627705,63.655462184873954,False,qda,{'reg_param': 0.1},coherence_swap,66.25,66.23931623931624,66.66666666666666,65.9832093372466,66.66666666666666,True,65.38461538461539,0.2,0.0
24,80,0.6,48,128,,-1,65.0,77.05627705627705,63.655462184873954,False,qda,{'reg_param': 0.2},coherence_swap,66.25,66.51126651126651,66.66666666666666,66.16485507246377,63.63636363636363,True,69.23076923076923,0.2,0.0
24,80,0.6,48,128,,-1,70.0,64.71861471861472,68.45238095238095,True,gnb,{'var_smoothing': 1e-09},coherence_swap,55.00000000000001,61.15551115551116,95.23809523809523,51.99497239132833,15.151515151515152,False,73.07692307692307,0.2,0.0
24,80,0.6,48,128,,-1,70.0,78.35497835497836,68.02197802197801,False,gnb,{'var_smoothing': 1e-08},coherence_swap,63.74999999999999,67.1051171051171,90.47619047619048,64.29855791707124,45.45454545454545,False,65.38461538461539,0.8499999999999999,0.0
24,80,0.6,48,128,,-1,50.0,52.5974025974026,46.2962962962963,False,nearest_centroid,{},coherence_swap,65.0,63.769563769563774,52.38095238095239,64.3996629348742,69.6969696969697,False,69.23076923076923,0.2,0.30000000000000004
24,80,0.6,48,128,,0.29296875,45.0,35.93073593073593,32.553606237816766,False,decision_tree,"{'max_depth': 4, 'min_samples_leaf': 2}",coherence_swap,66.25,66.44466644466644,57.14285714285714,65.4210758377425,57.57575757575758,False,84.61538461538461,0.2,0.0
24,80,0.6,48,128,,0.56640625,55.00000000000001,69.26406926406926,60.871459694989106,False,decision_tree,"{'max_depth': 6, 'min_samples_leaf': 2}",coherence_swap,66.25,64.71306471306471,42.857142857142854,64.31372549019608,66.66666666666666,False,84.61538461538461,0.2,0.0
24,80,0.6,48,128,,0.76171875,50.0,66.23376623376623,50.8994708994709,False,decision_tree,"{'max_depth': 8, 'min_samples_leaf': 2}",coherence_swap,66.25,64.13586413586414,38.095238095238095,63.407273729854374,69.6969696969697,False,84.61538461538461,0.2,0.0
24,80,0.6,48,128,,0.94921875,55.00000000000001,70.99567099567099,53.529411764705884,False,mlp_tiny,"{'hidden': (12,), 'alpha': 0.0001}",coherence_swap,73.75,71.96137196137197,57.14285714285714,72.37089707677943,81.81818181818183,False,76.92307692307693,0.2,0.0
24,80,0.6,48,128,,0.94921875,55.00000000000001,70.99567099567099,53.529411764705884,False,mlp_tiny,"{'hidden': (12,), 'alpha': 0.001}",coherence_swap,73.75,71.38417138417138,52.38095238095239,71.73311627591485,84.84848484848484,False,76.92307692307693,0.2,0.0
24,80,0.6,48,128,,1.69921875,55.00000000000001,70.99567099567099,54.02597402597403,False,mlp_tiny,"{'hidden': (16, 8), 'alpha': 0.0001}",coherence_swap,80.0,77.35042735042734,66.66666666666666,78.31801726538569,100.0,True,65.38461538461539,0.2,0.1
24,80,0.6,48,128,,1.69921875,65.0,77.05627705627705,62.94117647058823,False,mlp_tiny,"{'hidden': (16, 8), 'alpha': 0.001}",coherence_swap,81.25,78.9044289044289,66.66666666666666,79.50743223549985,96.96969696969697,True,73.07692307692307,0.2,0.0
24,80,0.6,48,128,,2.91796875,60.0,74.02597402597402,59.2436974789916,False,mlp_tiny,"{'hidden': (24, 12), 'alpha': 0.0001}",coherence_swap,71.25,68.24286824286824,47.61904761904761,69.20586416384737,87.87878787878788,False,69.23076923076923,0.2,0.0
24,80,0.6,48,128,,2.91796875,60.0,74.02597402597402,59.2436974789916,False,mlp_tiny,"{'hidden': (24, 12), 'alpha': 0.001}",coherence_swap,72.5,69.83016983016984,52.38095238095239,70.88077336197637,87.87878787878788,False,69.23076923076923,0.2,0.0
8,80,0.2,16,96,,-1,61.904761904761905,50.92592592592592,46.21212121212121,False,svm_rbf,"{'C': 2.0, 'gamma': 0.03}",plus_coherence,61.25000000000001,66.17271617271618,90.47619047619048,59.48345439870864,27.27272727272727,False,80.76923076923077,0.2,0.0
8,80,0.2,16,96,,-1,61.904761904761905,50.92592592592592,46.21212121212121,False,svm_rbf,"{'C': 2.0, 'gamma': 0.05}",plus_coherence,58.75,62.998112998113,80.95238095238095,57.104454685099846,27.27272727272727,False,80.76923076923077,0.2,0.0
8,80,0.2,16,96,,-1,66.66666666666666,55.092592592592595,49.673202614379086,False,svm_rbf,"{'C': 5.0, 'gamma': 0.03}",plus_coherence,62.5,66.84426684426684,80.95238095238095,60.32301032301033,27.27272727272727,False,92.3076923076923,0.2,0.0
8,80,0.2,16,96,,-1,71.42857142857143,58.79629629629629,53.40909090909091,False,svm_rbf,"{'C': 5.0, 'gamma': 0.05}",plus_coherence,60.0,64.008214008214,80.95238095238095,58.91644820864421,30.303030303030305,False,80.76923076923077,0.2,0.0
8,80,0.2,16,96,,-1,61.904761904761905,50.46296296296296,46.99792960662526,False,svm_rbf,"{'C': 10.0, 'gamma': 0.03}",plus_coherence,60.0,64.31346431346431,85.71428571428571,59.18411164787975,30.303030303030305,False,76.92307692307693,0.2,0.0
8,80,0.2,16,96,,-1,47.61904761904761,52.77777777777778,48.13186813186813,False,svm_rbf,"{'C': 10.0, 'gamma': 0.05}",plus_coherence,56.25,55.883005883005886,52.38095238095239,56.308610400682014,57.57575757575758,False,57.692307692307686,0.7,0.0
8,80,0.2,16,96,,-1,61.904761904761905,50.0,45.2991452991453,False,svm_poly2,"{'C': 1.0, 'gamma': 0.03}",plus_coherence,48.75,54.983904983904985,90.47619047619048,44.77957894115216,9.090909090909092,False,65.38461538461539,0.2,0.0
8,80,0.2,16,96,,-1,57.14285714285714,50.46296296296296,49.83164983164983,False,svm_poly2,"{'C': 1.0, 'gamma': 0.05}",plus_coherence,56.25,58.22510822510822,76.19047619047619,56.43097643097642,48.484848484848484,False,50.0,0.7,0.0
8,80,0.2,16,96,,-1,61.904761904761905,58.79629629629629,61.11111111111111,False,svm_poly2,"{'C': 5.0, 'gamma': 0.03}",plus_coherence,56.25,61.07781107781107,95.23809523809523,55.87761674718197,30.303030303030305,False,57.692307692307686,0.2,0.05
8,80,0.2,16,96,,-1,57.14285714285714,59.25925925925925,53.279352226720654,False,svm_poly2,"{'C': 5.0, 'gamma': 0.05}",plus_coherence,50.0,50.35520035520036,61.904761904761905,49.61935716865294,54.54545454545454,False,34.61538461538461,0.7,0.0
8,80,0.2,16,96,,0.2109375,80.95238095238095,79.62962962962963,81.90476190476191,True,svm_linear,{'C': 0.5},plus_coherence,50.0,53.379953379953385,66.66666666666666,49.49615066152247,24.242424242424242,False,69.23076923076923,0.39999999999999997,0.0
8,80,0.2,16,96,LogisticRegression.__init__() got an unexpected keyword argument 'multi_class',,,,,,logreg,{'C': 0.5},plus_coherence,,,,,,,,,
8,80,0.2,16,96,,0.2109375,57.14285714285714,59.72222222222222,55.996944232238356,False,svm_linear,{'C': 1.0},plus_coherence,56.25,57.614607614607614,66.66666666666666,57.31052016766303,48.484848484848484,False,57.692307692307686,0.49999999999999994,0.0
8,80,0.2,16,96,LogisticRegression.__init__() got an unexpected keyword argument 'multi_class',,,,,,logreg,{'C': 1.0},plus_coherence,,,,,,,,,
8,80,0.2,16,96,,0.2109375,66.66666666666666,54.629629629629626,48.88888888888889,False,svm_linear,{'C': 2.0},plus_coherence,51.24999999999999,55.23920523920523,71.42857142857143,49.56301904231172,21.21212121212121,False,73.07692307692307,0.2,0.0
8,80,0.2,16,96,LogisticRegression.__init__() got an unexpected keyword argument 'multi_class',,,,,,logreg,{'C': 2.0},plus_coherence,,,,,,,,,
8,80,0.2,16,96,,0.2109375,52.38095238095239,42.129629629629626,38.73015873015873,False,lda,{'solver': 'svd'},plus_coherence,62.5,65.75646575646576,80.95238095238095,62.131519274376416,39.39393939393939,False,76.92307692307693,0.2,0.05
8,80,0.2,16,96,,0.2109375,38.095238095238095,33.33333333333333,18.39080459770115,False,lda,{'solver': 'lsqr'},plus_coherence,32.5,33.33333333333333,0.0,16.352201257861633,0.0,False,100.0,0.2,0.0
8,80,0.2,16,96,The covariance matrix of class 0 is not full rank. Increase the value of `reg_param` to reduce the collinearity.,,,,,,qda,{'reg_param': 0.0},plus_coherence,,,,,,,,,
8,80,0.2,16,96,"The covariance matrix of class 2 is not full rank. When using `solver='svd'` the number of samples in each class should be more than the number of features, but class 2 has 12 samples and 17 features. Try using `solver='eigen'` and setting the parameter `shrinkage` for regularization.",,,,,,qda,{'reg_param': 0.1},plus_coherence,,,,,,,,,
8,80,0.2,16,96,"The covariance matrix of class 2 is not full rank. When using `solver='svd'` the number of samples in each class should be more than the number of features, but class 2 has 12 samples and 17 features. Try using `solver='eigen'` and setting the parameter `shrinkage` for regularization.",,,,,,qda,{'reg_param': 0.2},plus_coherence,,,,,,,,,
8,80,0.2,16,96,,-1,66.66666666666666,54.629629629629626,49.85507246376812,False,gnb,{'var_smoothing': 1e-09},plus_coherence,47.5,54.85625485625486,100.0,41.91130997853686,3.0303030303030303,False,61.53846153846154,0.2,0.0
8,80,0.2,16,96,,-1,66.66666666666666,54.629629629629626,49.85507246376812,False,gnb,{'var_smoothing': 1e-08},plus_coherence,48.75,55.86635586635587,100.0,43.999283924095955,6.0606060606060606,False,61.53846153846154,0.2,0.0
8,80,0.2,16,96,,-1,80.95238095238095,79.62962962962963,81.90476190476191,True,nearest_centroid,{},plus_coherence,57.49999999999999,61.74936174936174,85.71428571428571,57.42630385487529,30.303030303030305,False,69.23076923076923,0.2,0.0
8,80,0.2,16,96,,0.41015625,61.904761904761905,64.81481481481481,64.04761904761904,False,decision_tree,"{'max_depth': 4, 'min_samples_leaf': 2}",plus_coherence,66.25,68.41491841491842,66.66666666666666,65.2477149138031,42.42424242424242,False,96.15384615384616,0.2,0.0
8,80,0.2,16,96,,0.56640625,61.904761904761905,64.81481481481481,63.83040935672515,False,decision_tree,"{'max_depth': 6, 'min_samples_leaf': 2}",plus_coherence,60.0,62.309912309912306,71.42857142857143,59.804232804232804,42.42424242424242,False,73.07692307692307,0.2,0.0
8,80,0.2,16,96,,0.56640625,61.904761904761905,64.81481481481481,63.83040935672515,False,decision_tree,"{'max_depth': 8, 'min_samples_leaf': 2}",plus_coherence,60.0,62.309912309912306,71.42857142857143,59.804232804232804,42.42424242424242,False,73.07692307692307,0.2,0.0
8,80,0.2,16,96,,0.99609375,61.904761904761905,50.92592592592592,50.79365079365079,False,mlp_tiny,"{'hidden': (12,), 'alpha': 0.0001}",plus_coherence,60.0,61.22211122211122,71.42857142857143,60.416666666666664,54.54545454545454,False,57.692307692307686,0.5499999999999999,0.0
8,80,0.2,16,96,,0.99609375,61.904761904761905,50.92592592592592,50.79365079365079,False,mlp_tiny,"{'hidden': (12,), 'alpha': 0.001}",plus_coherence,62.5,63.819513819513816,76.19047619047619,62.84722222222222,57.57575757575758,False,57.692307692307686,0.5499999999999999,0.0
8,80,0.2,16,96,,1.76171875,71.42857142857143,71.75925925925925,74.12698412698413,False,mlp_tiny,"{'hidden': (16, 8), 'alpha': 0.0001}",plus_coherence,66.25,68.2095682095682,76.19047619047619,66.1305114638448,51.515151515151516,True,76.92307692307693,0.2,0.0
8,80,0.2,16,96,,1.76171875,71.42857142857143,71.75925925925925,74.12698412698413,False,mlp_tiny,"{'hidden': (16, 8), 'alpha': 0.001}",plus_coherence,66.25,68.2095682095682,76.19047619047619,66.1305114638448,51.515151515151516,True,76.92307692307693,0.2,0.0
8,80,0.2,16,96,,3.01171875,66.66666666666666,67.5925925925926,67.38095238095238,False,mlp_tiny,"{'hidden': (24, 12), 'alpha': 0.0001}",plus_coherence,58.75,60.48396048396049,71.42857142857143,58.774684435061786,48.484848484848484,False,61.53846153846154,0.2,0.0
8,80,0.2,16,96,,3.01171875,57.14285714285714,60.18518518518518,58.51851851851851,False,mlp_tiny,"{'hidden': (24, 12), 'alpha': 0.001}",plus_coherence,61.25000000000001,63.04806304806304,71.42857142857143,61.224004753416516,48.484848484848484,False,69.23076923076923,0.2,0.0
12,80,0.3,24,104,,-1,66.66666666666666,66.73280423280423,66.04658957600135,False,svm_rbf,"{'C': 2.0, 'gamma': 0.03}",plus_coherence,57.49999999999999,59.168609168609166,66.66666666666666,57.838041431261765,45.45454545454545,False,65.38461538461539,0.7,0.0
12,80,0.3,24,104,,-1,70.83333333333334,71.03174603174604,71.62698412698413,True,svm_rbf,"{'C': 2.0, 'gamma': 0.05}",plus_coherence,62.5,66.02841602841603,80.95238095238095,62.1562420696932,36.36363636363637,False,80.76923076923077,0.2,0.0
12,80,0.3,24,104,,-1,79.16666666666666,78.43915343915344,79.04761904761905,True,svm_rbf,"{'C': 5.0, 'gamma': 0.03}",plus_coherence,62.5,65.45121545121545,76.19047619047619,62.68924779820665,39.39393939393939,False,80.76923076923077,0.2,0.0
12,80,0.3,24,104,,-1,75.0,73.08201058201057,72.74531024531025,False,svm_rbf,"{'C': 5.0, 'gamma': 0.05}",plus_coherence,60.0,62.309912309912306,71.42857142857143,60.81766039749233,42.42424242424242,False,73.07692307692307,0.2,0.05
12,80,0.3,24,104,,-1,70.83333333333334,68.91534391534391,69.0909090909091,False,svm_rbf,"{'C': 10.0, 'gamma': 0.03}",plus_coherence,56.25,58.43045843045843,66.66666666666666,56.812673091835606,39.39393939393939,False,69.23076923076923,0.2,0.0
12,80,0.3,24,104,,-1,70.83333333333334,68.32010582010581,66.74242424242425,False,svm_rbf,"{'C': 10.0, 'gamma': 0.05}",plus_coherence,65.0,66.58896658896658,66.66666666666666,65.03610528767761,48.484848484848484,False,84.61538461538461,0.2,0.0
12,80,0.3,24,104,,-1,70.83333333333334,70.43650793650794,70.18602312719958,False,svm_poly2,"{'C': 1.0, 'gamma': 0.03}",plus_coherence,58.75,59.634809634809635,66.66666666666666,59.17830398704715,54.54545454545454,False,57.692307692307686,0.7,0.0
12,80,0.3,24,104,,-1,62.5,61.64021164021164,62.48196248196248,False,svm_poly2,"{'C': 1.0, 'gamma': 0.05}",plus_coherence,58.75,62.48751248751249,85.71428571428571,59.67604433077579,36.36363636363637,False,65.38461538461539,0.2,0.0
12,80,0.3,24,104,,-1,66.66666666666666,65.34391534391534,65.51226551226551,False,svm_poly2,"{'C': 5.0, 'gamma': 0.03}",plus_coherence,60.0,63.46431346431346,80.95238095238095,60.43297101449275,36.36363636363637,False,73.07692307692307,0.2,0.0
12,80,0.3,24,104,,-1,66.66666666666666,64.74867724867724,64.71861471861472,False,svm_poly2,"{'C': 5.0, 'gamma': 0.05}",plus_coherence,56.25,59.04095904095904,76.19047619047619,56.506746961079514,39.39393939393939,False,61.53846153846154,0.2,0.0
12,80,0.3,24,104,,0.2109375,58.333333333333336,57.341269841269835,57.75296827928407,False,svm_linear,{'C': 0.5},plus_coherence,56.25,55.61105561105562,52.38095238095239,56.4267980651011,60.60606060606061,False,53.84615384615385,0.2,0.15000000000000002
12,80,0.3,24,104,LogisticRegression.__init__() got an unexpected keyword argument 'multi_class',,,,,,logreg,{'C': 0.5},plus_coherence,,,,,,,,,
12,80,0.3,24,104,,0.2109375,62.5,61.17724867724868,59.84126984126984,False,svm_linear,{'C': 1.0},plus_coherence,55.00000000000001,58.541458541458546,71.42857142857143,54.011967904256764,27.27272727272727,False,76.92307692307693,0.2,0.0
12,80,0.3,24,104,LogisticRegression.__init__() got an unexpected keyword argument 'multi_class',,,,,,logreg,{'C': 1.0},plus_coherence,,,,,,,,,
12,80,0.3,24,104,,0.2109375,62.5,61.64021164021164,61.623931623931625,False,svm_linear,{'C': 2.0},plus_coherence,61.25000000000001,63.320013320013324,71.42857142857143,61.536938007526246,45.45454545454545,False,73.07692307692307,0.44999999999999996,0.0
12,80,0.3,24,104,LogisticRegression.__init__() got an unexpected keyword argument 'multi_class',,,,,,logreg,{'C': 2.0},plus_coherence,,,,,,,,,
12,80,0.3,24,104,,0.2109375,58.333333333333336,56.87830687830687,56.942355889724304,False,lda,{'solver': 'svd'},plus_coherence,61.25000000000001,63.5919635919636,71.42857142857143,61.09090909090909,42.42424242424242,False,76.92307692307693,0.2,0.0
12,80,0.3,24,104,,0.2109375,29.166666666666668,33.33333333333333,15.053763440860216,False,lda,{'solver': 'lsqr'},plus_coherence,32.5,33.33333333333333,0.0,16.352201257861633,0.0,False,100.0,0.2,0.0
12,80,0.3,24,104,The covariance matrix of class 0 is not full rank. Increase the value of `reg_param` to reduce the collinearity.,,,,,,qda,{'reg_param': 0.0},plus_coherence,,,,,,,,,
12,80,0.3,24,104,"The covariance matrix of class 2 is not full rank. When using `solver='svd'` the number of samples in each class should be more than the number of features, but class 2 has 16 samples and 17 features. Try using `solver='eigen'` and setting the parameter `shrinkage` for regularization.",,,,,,qda,{'reg_param': 0.1},plus_coherence,,,,,,,,,
12,80,0.3,24,104,"The covariance matrix of class 2 is not full rank. When using `solver='svd'` the number of samples in each class should be more than the number of features, but class 2 has 16 samples and 17 features. Try using `solver='eigen'` and setting the parameter `shrinkage` for regularization.",,,,,,qda,{'reg_param': 0.2},plus_coherence,,,,,,,,,
12,80,0.3,24,104,,-1,70.83333333333334,70.56878306878306,72.22222222222221,True,gnb,{'var_smoothing': 1e-09},plus_coherence,51.24999999999999,56.460206460206464,90.47619047619048,51.21347273306496,21.21212121212121,False,57.692307692307686,0.7999999999999998,0.0
12,80,0.3,24,104,,-1,75.0,74.27248677248677,75.82972582972583,True,gnb,{'var_smoothing': 1e-08},plus_coherence,50.0,55.45010545010546,90.47619047619048,49.67525665200084,18.181818181818183,False,57.692307692307686,0.7,0.0
12,80,0.3,24,104,,-1,66.66666666666666,66.4021164021164,66.38888888888889,True,nearest_centroid,{},plus_coherence,57.49999999999999,58.86335886335886,61.904761904761905,57.73993808049536,45.45454545454545,False,69.23076923076923,0.2,0.0
12,80,0.3,24,104,,0.44921875,37.5,36.97089947089947,36.552287581699346,False,decision_tree,"{'max_depth': 4, 'min_samples_leaf': 2}",plus_coherence,50.0,52.22555222555222,57.14285714285714,50.08070199368024,30.303030303030305,False,69.23076923076923,0.2,0.2
12,80,0.3,24,104,,0.56640625,50.0,48.87566137566138,48.81419234360411,False,decision_tree,"{'max_depth': 6, 'min_samples_leaf': 2}",plus_coherence,68.75,67.64901764901765,57.14285714285714,68.38555140366006,72.72727272727273,False,73.07692307692307,0.7,0.0
12,80,0.3,24,104,,0.56640625,50.0,48.87566137566138,48.81419234360411,False,decision_tree,"{'max_depth': 8, 'min_samples_leaf': 2}",plus_coherence,68.75,67.64901764901765,57.14285714285714,68.38555140366006,72.72727272727273,False,73.07692307692307,0.7,0.0
12,80,0.3,24,104,,0.99609375,70.83333333333334,69.51058201058201,71.0516536603493,False,mlp_tiny,"{'hidden': (12,), 'alpha': 0.0001}",plus_coherence,63.74999999999999,64.18581418581418,61.904761904761905,63.64468864468865,57.57575757575758,False,73.07692307692307,0.2,0.0
12,80,0.3,24,104,,0.99609375,70.83333333333334,69.51058201058201,71.0516536603493,False,mlp_tiny,"{'hidden': (12,), 'alpha': 0.001}",plus_coherence,65.0,65.1959151959152,61.904761904761905,64.6245172680128,60.60606060606061,False,73.07692307692307,0.2,0.0
12,80,0.3,24,104,,1.76171875,75.0,75.1984126984127,74.91830065359477,True,mlp_tiny,"{'hidden': (16, 8), 'alpha': 0.0001}",plus_coherence,66.25,66.2060162060162,61.904761904761905,65.74786324786325,63.63636363636363,False,73.07692307692307,0.2,0.0
12,80,0.3,24,104,,1.76171875,75.0,75.1984126984127,74.91830065359477,True,mlp_tiny,"{'hidden': (16, 8), 'alpha': 0.001}",plus_coherence,65.0,64.92396492396493,61.904761904761905,64.46581196581197,63.63636363636363,False,69.23076923076923,0.2,0.0
12,80,0.3,24,104,,3.01171875,83.33333333333334,82.6058201058201,83.61111111111111,True,mlp_tiny,"{'hidden': (24, 12), 'alpha': 0.0001}",plus_coherence,76.25,76.83427683427682,76.19047619047619,75.96253625309316,69.6969696969697,True,84.61538461538461,0.2,0.0
12,80,0.3,24,104,,3.01171875,83.33333333333334,82.6058201058201,83.61111111111111,True,mlp_tiny,"{'hidden': (24, 12), 'alpha': 0.001}",plus_coherence,77.5,77.84437784437785,76.19047619047619,77.03465810250233,72.72727272727273,True,84.61538461538461,0.2,0.0
16,80,0.4,32,112,,-1,54.54545454545454,54.722222222222214,57.467532467532465,False,svm_rbf,"{'C': 2.0, 'gamma': 0.03}",plus_coherence,58.75,62.52081252081253,90.47619047619048,58.75533724127949,39.39393939393939,False,57.692307692307686,0.2,0.0
16,80,0.4,32,112,,-1,54.54545454545454,54.722222222222214,55.55555555555555,False,svm_rbf,"{'C': 2.0, 'gamma': 0.05}",plus_coherence,63.74999999999999,67.4103674103674,95.23809523809523,64.14488017429196,45.45454545454545,False,61.53846153846154,0.2,0.0
16,80,0.4,32,112,,-1,54.54545454545454,54.722222222222214,55.55555555555555,False,svm_rbf,"{'C': 5.0, 'gamma': 0.03}",plus_coherence,63.74999999999999,67.4103674103674,95.23809523809523,64.14488017429196,45.45454545454545,False,61.53846153846154,0.2,0.0
16,80,0.4,32,112,,-1,54.54545454545454,54.722222222222214,55.55555555555555,False,svm_rbf,"{'C': 5.0, 'gamma': 0.05}",plus_coherence,61.25000000000001,63.725163725163725,90.47619047619048,60.994934227780305,54.54545454545454,False,46.15384615384615,0.2,0.0
16,80,0.4,32,112,,-1,54.54545454545454,54.722222222222214,55.55555555555555,False,svm_rbf,"{'C': 10.0, 'gamma': 0.03}",plus_coherence,62.5,65.007215007215,90.47619047619048,62.45257953627238,54.54545454545454,False,50.0,0.2,0.0
16,80,0.4,32,112,,-1,50.0,51.01851851851852,50.23310023310024,False,svm_rbf,"{'C': 10.0, 'gamma': 0.05}",plus_coherence,67.5,67.5879675879676,76.19047619047619,66.91935670484784,72.72727272727273,False,53.84615384615385,0.2,0.0
16,80,0.4,32,112,,-1,59.09090909090909,61.38888888888888,62.96296296296296,False,svm_poly2,"{'C': 1.0, 'gamma': 0.03}",plus_coherence,61.25000000000001,64.54101454101455,90.47619047619048,61.91919191919192,45.45454545454545,False,57.692307692307686,0.2,0.0
16,80,0.4,32,112,,-1,54.54545454545454,54.722222222222214,57.467532467532465,False,svm_poly2,"{'C': 1.0, 'gamma': 0.05}",plus_coherence,61.25000000000001,64.81296481296481,90.47619047619048,61.943241943241944,42.42424242424242,False,61.53846153846154,0.2,0.0
16,80,0.4,32,112,,-1,50.0,56.481481481481474,50.71225071225071,False,svm_poly2,"{'C': 5.0, 'gamma': 0.03}",plus_coherence,51.24999999999999,50.21090021090021,52.38095238095239,50.36549707602339,63.63636363636363,False,34.61538461538461,0.7,0.0
16,80,0.4,32,112,,-1,54.54545454545454,54.25925925925926,53.62318840579711,False,svm_poly2,"{'C': 5.0, 'gamma': 0.05}",plus_coherence,62.5,66.43356643356643,100.0,62.89051926110536,45.45454545454545,False,53.84615384615385,0.2,0.0
16,80,0.4,32,112,,0.2109375,63.63636363636363,68.5185185185185,65.16339869281046,False,svm_linear,{'C': 0.5},plus_coherence,60.0,61.46076146076146,66.66666666666666,60.32351318547943,48.484848484848484,False,69.23076923076923,0.2,0.0
16,80,0.4,32,112,LogisticRegression.__init__() got an unexpected keyword argument 'multi_class',,,,,,logreg,{'C': 0.5},plus_coherence,,,,,,,,,
16,80,0.4,32,112,,0.2109375,63.63636363636363,68.5185185185185,65.16339869281046,False,svm_linear,{'C': 1.0},plus_coherence,62.5,64.05816405816405,71.42857142857143,62.92960469715918,51.515151515151516,True,69.23076923076923,0.2,0.0
16,80,0.4,32,112,LogisticRegression.__init__() got an unexpected keyword argument 'multi_class',,,,,,logreg,{'C': 1.0},plus_coherence,,,,,,,,,
16,80,0.4,32,112,,0.2109375,63.63636363636363,68.5185185185185,65.16339869281046,False,svm_linear,{'C': 2.0},plus_coherence,58.75,61.02786102786103,71.42857142857143,59.06400295967443,42.42424242424242,False,69.23076923076923,0.2,0.0
16,80,0.4,32,112,LogisticRegression.__init__() got an unexpected keyword argument 'multi_class',,,,,,logreg,{'C': 2.0},plus_coherence,,,,,,,,,
16,80,0.4,32,112,,0.2109375,63.63636363636363,68.05555555555554,64.21502474134053,False,lda,{'solver': 'svd'},plus_coherence,57.49999999999999,60.90021090021091,80.95238095238095,57.36418724034823,36.36363636363637,False,65.38461538461539,0.2,0.0
16,80,0.4,32,112,,0.2109375,36.36363636363637,33.33333333333333,17.77777777777778,False,lda,{'solver': 'lsqr'},plus_coherence,32.5,33.33333333333333,0.0,16.352201257861633,0.0,False,100.0,0.2,0.0
16,80,0.4,32,112,The covariance matrix of class 0 is not full rank. Increase the value of `reg_param` to reduce the collinearity.,,,,,,qda,{'reg_param': 0.0},plus_coherence,,,,,,,,,
16,80,0.4,32,112,,-1,63.63636363636363,68.05555555555554,67.6190476190476,False,qda,{'reg_param': 0.1},plus_coherence,62.5,65.51781551781552,85.71428571428571,62.98139970560685,45.45454545454545,False,65.38461538461539,0.2,0.0
16,80,0.4,32,112,,-1,63.63636363636363,68.05555555555554,67.6190476190476,False,qda,{'reg_param': 0.2},plus_coherence,61.25000000000001,64.81296481296481,90.47619047619048,61.5948794976928,42.42424242424242,False,61.53846153846154,0.2,0.0
16,80,0.4,32,112,,-1,59.09090909090909,58.88888888888889,60.317460317460316,False,gnb,{'var_smoothing': 1e-09},plus_coherence,53.75,59.02430902430903,90.47619047619048,53.37139315407449,21.21212121212121,False,65.38461538461539,0.7,0.0
16,80,0.4,32,112,,-1,59.09090909090909,58.88888888888889,61.82539682539683,False,gnb,{'var_smoothing': 1e-08},plus_coherence,53.75,59.601509601509605,95.23809523809523,52.13236155016977,18.181818181818183,False,65.38461538461539,0.2,0.0
16,80,0.4,32,112,,-1,68.18181818181817,72.22222222222221,72.16374269005848,False,nearest_centroid,{},plus_coherence,58.75,61.60506160506159,76.19047619047619,59.05747126436781,39.39393939393939,False,69.23076923076923,0.2,0.0
16,80,0.4,32,112,,0.37109375,68.18181818181817,67.22222222222221,69.58204334365324,True,decision_tree,"{'max_depth': 4, 'min_samples_leaf': 2}",plus_coherence,73.75,73.96492396492397,71.42857142857143,73.18237645429981,69.6969696969697,True,80.76923076923077,0.2,0.0
16,80,0.4,32,112,,0.60546875,68.18181818181817,66.75925925925927,69.16666666666667,False,decision_tree,"{'max_depth': 6, 'min_samples_leaf': 2}",plus_coherence,73.75,71.99467199467199,61.904761904761905,72.30158730158732,84.84848484848484,False,69.23076923076923,0.2,0.0
16,80,0.4,32,112,,0.60546875,68.18181818181817,66.75925925925927,69.16666666666667,False,decision_tree,"{'max_depth': 8, 'min_samples_leaf': 2}",plus_coherence,73.75,71.99467199467199,61.904761904761905,72.30158730158732,84.84848484848484,False,69.23076923076923,0.2,0.0
16,80,0.4,32,112,,0.99609375,54.54545454545454,54.722222222222214,57.467532467532465,False,mlp_tiny,"{'hidden': (12,), 'alpha': 0.0001}",plus_coherence,62.5,63.819513819513816,76.19047619047619,63.02859099469269,57.57575757575758,False,57.692307692307686,0.2,0.0
16,80,0.4,32,112,,0.99609375,54.54545454545454,54.722222222222214,57.467532467532465,False,mlp_tiny,"{'hidden': (12,), 'alpha': 0.001}",plus_coherence,62.5,63.819513819513816,76.19047619047619,63.02859099469269,57.57575757575758,False,57.692307692307686,0.2,0.0
16,80,0.4,32,112,,1.76171875,72.72727272727273,76.38888888888889,76.38888888888889,False,mlp_tiny,"{'hidden': (16, 8), 'alpha': 0.0001}",plus_coherence,72.5,72.74947274947276,80.95238095238095,71.95868313880736,75.75757575757575,False,61.53846153846154,0.2,0.0
16,80,0.4,32,112,,1.76171875,72.72727272727273,76.38888888888889,76.38888888888889,False,mlp_tiny,"{'hidden': (16, 8), 'alpha': 0.001}",plus_coherence,72.5,72.74947274947276,80.95238095238095,71.95868313880736,75.75757575757575,False,61.53846153846154,0.2,0.0
16,80,0.4,32,112,,3.01171875,63.63636363636363,62.59259259259259,62.73504273504273,False,mlp_tiny,"{'hidden': (24, 12), 'alpha': 0.0001}",plus_coherence,70.0,70.96792096792096,76.19047619047619,70.16483006457945,63.63636363636363,True,73.07692307692307,0.2,0.0
16,80,0.4,32,112,,3.01171875,59.09090909090909,58.425925925925924,57.878787878787875,False,mlp_tiny,"{'hidden': (24, 12), 'alpha': 0.001}",plus_coherence,71.25,71.97802197802197,76.19047619047619,71.42933163048104,66.66666666666666,True,73.07692307692307,0.2,0.0
20,80,0.5,40,120,,-1,64.0,64.4047619047619,63.471673254281946,False,svm_rbf,"{'C': 2.0, 'gamma': 0.03}",plus_coherence,73.75,75.42457542457542,85.71428571428571,73.88888888888889,63.63636363636363,True,76.92307692307693,0.2,0.0
20,80,0.5,40,120,,-1,60.0,61.07142857142856,59.84848484848485,False,svm_rbf,"{'C': 2.0, 'gamma': 0.05}",plus_coherence,73.75,74.84737484737485,80.95238095238095,73.71791483889153,66.66666666666666,True,76.92307692307693,0.2,0.0
20,80,0.5,40,120,,-1,60.0,61.07142857142856,59.84848484848485,False,svm_rbf,"{'C': 5.0, 'gamma': 0.03}",plus_coherence,75.0,75.28027528027529,76.19047619047619,74.59552126861674,72.72727272727273,True,76.92307692307693,0.2,0.0
20,80,0.5,40,120,,-1,64.0,65.23809523809524,64.56043956043956,False,svm_rbf,"{'C': 5.0, 'gamma': 0.05}",plus_coherence,75.0,74.70307470307472,71.42857142857143,74.44746376811594,75.75757575757575,True,76.92307692307693,0.2,0.05
20,80,0.5,40,120,,-1,60.0,61.07142857142856,59.84848484848485,False,svm_rbf,"{'C': 10.0, 'gamma': 0.03}",plus_coherence,73.75,73.3877233877234,66.66666666666666,73.13766086144602,72.72727272727273,True,80.76923076923077,0.2,0.0
20,80,0.5,40,120,,-1,72.0,71.9047619047619,72.27265488135053,True,svm_rbf,"{'C': 10.0, 'gamma': 0.05}",plus_coherence,78.75,77.70007770007771,66.66666666666666,77.60286225402506,81.81818181818183,True,84.61538461538461,0.2,0.05
20,80,0.5,40,120,,-1,56.00000000000001,57.14285714285715,57.14285714285715,False,svm_poly2,"{'C': 1.0, 'gamma': 0.03}",plus_coherence,63.74999999999999,63.369963369963365,61.904761904761905,63.71204746674084,66.66666666666666,False,61.53846153846154,0.2,0.05
20,80,0.5,40,120,,-1,56.00000000000001,57.14285714285715,56.66666666666666,False,svm_poly2,"{'C': 1.0, 'gamma': 0.05}",plus_coherence,63.74999999999999,64.79631479631479,71.42857142857143,64.29855791707124,57.57575757575758,True,65.38461538461539,0.2,0.0
20,80,0.5,40,120,,-1,56.00000000000001,57.14285714285715,57.14285714285715,False,svm_poly2,"{'C': 5.0, 'gamma': 0.03}",plus_coherence,67.5,68.0985680985681,71.42857142857143,68.02063185041908,63.63636363636363,True,69.23076923076923,0.2,0.05
20,80,0.5,40,120,,-1,60.0,61.904761904761905,61.111111111111114,False,svm_poly2,"{'C': 5.0, 'gamma': 0.05}",plus_coherence,65.0,64.6853146853147,66.66666666666666,64.80805275945852,69.6969696969697,False,57.692307692307686,0.2,0.0
20,80,0.5,40,120,,0.2109375,56.00000000000001,58.214285714285715,57.1948051948052,False,svm_linear,{'C': 0.5},plus_coherence,63.74999999999999,61.67166167166167,52.38095238095239,63.44121899677455,78.78787878787878,False,53.84615384615385,0.49999999999999994,0.0
20,80,0.5,40,120,LogisticRegression.__init__() got an unexpected keyword argument 'multi_class',,,,,,logreg,{'C': 0.5},plus_coherence,,,,,,,,,
20,80,0.5,40,120,,0.2109375,56.00000000000001,57.97619047619048,57.993966817496236,False,svm_linear,{'C': 1.0},plus_coherence,60.0,60.61161061161061,61.904761904761905,60.23242630385487,54.54545454545454,False,65.38461538461539,0.2,0.0
20,80,0.5,40,120,LogisticRegression.__init__() got an unexpected keyword argument 'multi_class',,,,,,logreg,{'C': 1.0},plus_coherence,,,,,,,,,
20,80,0.5,40,120,,0.2109375,56.00000000000001,57.97619047619048,57.993966817496236,False,svm_linear,{'C': 2.0},plus_coherence,60.0,60.61161061161061,61.904761904761905,60.17116524028966,54.54545454545454,False,65.38461538461539,0.2,0.0
20,80,0.5,40,120,LogisticRegression.__init__() got an unexpected keyword argument 'multi_class',,,,,,logreg,{'C': 2.0},plus_coherence,,,,,,,,,
20,80,0.5,40,120,,0.2109375,56.00000000000001,57.38095238095239,57.07070707070706,False,lda,{'solver': 'svd'},plus_coherence,63.74999999999999,64.76301476301475,66.66666666666666,64.00366814111554,54.54545454545454,True,73.07692307692307,0.2,0.0
20,80,0.5,40,120,,0.2109375,28.000000000000004,33.33333333333333,14.583333333333334,False,lda,{'solver': 'lsqr'},plus_coherence,32.5,33.33333333333333,0.0,16.352201257861633,0.0,False,100.0,0.2,0.0
20,80,0.5,40,120,The covariance matrix of class 0 is not full rank. Increase the value of `reg_param` to reduce the collinearity.,,,,,,qda,{'reg_param': 0.0},plus_coherence,,,,,,,,,
20,80,0.5,40,120,,-1,56.00000000000001,56.30952380952381,56.27705627705628,False,qda,{'reg_param': 0.1},plus_coherence,58.75,62.454212454212445,80.95238095238095,58.69147659063626,33.33333333333333,False,73.07692307692307,0.44999999999999996,0.0
20,80,0.5,40,120,,-1,60.0,60.476190476190474,60.63492063492063,False,qda,{'reg_param': 0.2},plus_coherence,62.5,65.21256521256521,80.95238095238095,63.095238095238095,45.45454545454545,False,69.23076923076923,0.5499999999999999,0.0
20,80,0.5,40,120,,-1,52.0,51.3095238095238,50.21367521367522,False,gnb,{'var_smoothing': 1e-09},plus_coherence,48.75,54.440004440004444,90.47619047619048,47.9750557215346,15.151515151515152,False,57.692307692307686,0.8499999999999999,0.0
20,80,0.5,40,120,,-1,56.00000000000001,55.47619047619047,56.746031746031754,False,gnb,{'var_smoothing': 1e-08},plus_coherence,51.24999999999999,55.88300588300588,85.71428571428571,51.78722651851439,24.242424242424242,False,57.692307692307686,0.8999999999999999,0.0
20,80,0.5,40,120,,-1,52.0,53.80952380952381,54.4909281751387,False,nearest_centroid,{},plus_coherence,58.75,60.17871017871018,66.66666666666666,59.790700183407054,48.484848484848484,False,65.38461538461539,0.2,0.0
20,80,0.5,40,120,,0.48828125,60.0,59.88095238095238,60.74074074074074,False,decision_tree,"{'max_depth': 4, 'min_samples_leaf': 2}",plus_coherence,58.75,57.05405705405705,47.61904761904761,57.459167241775944,69.6969696969697,False,53.84615384615385,0.2,0.0
20,80,0.5,40,120,,0.72265625,44.0,42.857142857142854,43.57560568086884,False,decision_tree,"{'max_depth': 6, 'min_samples_leaf': 2}",plus_coherence,62.5,59.81240981240982,47.61904761904761,60.099411887631724,81.81818181818183,False,50.0,0.7,0.0
20,80,0.5,40,120,,0.72265625,44.0,42.857142857142854,43.57560568086884,False,decision_tree,"{'max_depth': 8, 'min_samples_leaf': 2}",plus_coherence,62.5,59.81240981240982,47.61904761904761,60.099411887631724,81.81818181818183,False,50.0,0.7,0.0
20,80,0.5,40,120,,0.99609375,56.00000000000001,57.97619047619048,57.14285714285714,False,mlp_tiny,"{'hidden': (12,), 'alpha': 0.0001}",plus_coherence,70.0,66.6888666888667,47.61904761904761,67.75132275132275,90.9090909090909,False,61.53846153846154,0.2,0.1
20,80,0.5,40,120,,0.99609375,56.00000000000001,57.97619047619048,57.14285714285714,False,mlp_tiny,"{'hidden': (12,), 'alpha': 0.001}",plus_coherence,70.0,66.6888666888667,47.61904761904761,67.75132275132275,90.9090909090909,False,61.53846153846154,0.2,0.1
20,80,0.5,40,120,,1.76171875,56.00000000000001,58.80952380952381,58.50241545893721,False,mlp_tiny,"{'hidden': (16, 8), 'alpha': 0.0001}",plus_coherence,65.0,60.406260406260415,38.095238095238095,61.70015609743963,96.96969696969697,False,46.15384615384615,0.7999999999999998,0.0
20,80,0.5,40,120,,1.76171875,56.00000000000001,58.80952380952381,58.50241545893721,False,mlp_tiny,"{'hidden': (16, 8), 'alpha': 0.001}",plus_coherence,62.5,58.11410811410812,38.095238095238095,59.1971091971092,93.93939393939394,False,42.30769230769231,0.7999999999999998,0.0
20,80,0.5,40,120,,3.01171875,60.0,63.80952380952382,58.119658119658126,False,mlp_tiny,"{'hidden': (24, 12), 'alpha': 0.0001}",plus_coherence,58.75,53.92940392940392,28.57142857142857,54.114774114774114,90.9090909090909,False,42.30769230769231,0.8499999999999999,0.0
20,80,0.5,40,120,,3.01171875,56.00000000000001,58.80952380952381,57.318044274566006,False,mlp_tiny,"{'hidden': (24, 12), 'alpha': 0.001}",plus_coherence,60.0,54.395604395604394,28.57142857142857,54.161893852615506,100.0,False,34.61538461538461,0.8999999999999999,0.0
24,80,0.6,48,128,,-1,45.0,51.298701298701296,40.452488687782804,False,svm_rbf,"{'C': 2.0, 'gamma': 0.03}",plus_coherence,70.0,64.8906648906649,23.809523809523807,64.43718228031953,93.93939393939394,False,76.92307692307693,0.2,0.0
24,80,0.6,48,128,,-1,60.0,60.38961038961038,54.13165266106442,False,svm_rbf,"{'C': 2.0, 'gamma': 0.05}",plus_coherence,71.25,66.47796647796648,28.57142857142857,65.94390842756856,93.93939393939394,False,76.92307692307693,0.2,0.0
24,80,0.6,48,128,,-1,60.0,60.38961038961038,54.13165266106442,False,svm_rbf,"{'C': 5.0, 'gamma': 0.03}",plus_coherence,76.25,73.98157398157399,57.14285714285714,74.42646937697738,87.87878787878788,False,76.92307692307693,0.2,0.0
24,80,0.6,48,128,,-1,60.0,74.02597402597402,58.333333333333336,False,svm_rbf,"{'C': 5.0, 'gamma': 0.05}",plus_coherence,82.5,79.88122988122988,61.904761904761905,80.62678062678063,96.96969696969697,False,80.76923076923077,0.2,0.0
24,80,0.6,48,128,,-1,60.0,74.02597402597402,59.2436974789916,False,svm_rbf,"{'C': 10.0, 'gamma': 0.03}",plus_coherence,80.0,77.28382728382729,57.14285714285714,77.74529778250215,93.93939393939394,False,80.76923076923077,0.2,0.0
24,80,0.6,48,128,,-1,55.00000000000001,70.99567099567099,53.529411764705884,False,svm_rbf,"{'C': 10.0, 'gamma': 0.05}",plus_coherence,78.75,75.72982572982573,57.14285714285714,76.81045751633988,96.96969696969697,False,73.07692307692307,0.2,0.0
24,80,0.6,48,128,,-1,40.0,46.53679653679654,38.88888888888889,False,svm_poly2,"{'C': 1.0, 'gamma': 0.03}",plus_coherence,62.5,57.47030747030747,23.809523809523807,57.47733955432432,90.9090909090909,False,57.692307692307686,0.2,0.0
24,80,0.6,48,128,,-1,45.0,51.298701298701296,41.19047619047618,False,svm_poly2,"{'C': 1.0, 'gamma': 0.05}",plus_coherence,70.0,67.57131757131756,57.14285714285714,68.82146818855679,87.87878787878788,False,57.692307692307686,0.2,0.0
24,80,0.6,48,128,,-1,50.0,52.5974025974026,48.36829836829837,False,svm_poly2,"{'C': 5.0, 'gamma': 0.03}",plus_coherence,56.25,50.754800754800755,19.047619047619047,50.227420402859,90.9090909090909,False,42.30769230769231,0.7,0.0
24,80,0.6,48,128,,-1,65.0,61.68831168831169,59.36507936507937,False,svm_poly2,"{'C': 5.0, 'gamma': 0.05}",plus_coherence,71.25,70.31302031302032,71.42857142857143,70.64062092733644,81.81818181818183,False,57.692307692307686,0.2,0.0
24,80,0.6,48,128,,0.2109375,45.0,63.20346320346321,46.92307692307692,False,svm_linear,{'C': 0.5},plus_coherence,63.74999999999999,59.05760905760905,28.57142857142857,60.07453737015922,90.9090909090909,False,57.692307692307686,0.49999999999999994,0.0
24,80,0.6,48,128,LogisticRegression.__init__() got an unexpected keyword argument 'multi_class',,,,,,logreg,{'C': 0.5},plus_coherence,,,,,,,,,
24,80,0.6,48,128,,0.2109375,45.0,63.20346320346321,46.92307692307692,False,svm_linear,{'C': 1.0},plus_coherence,65.0,59.49050949050949,23.809523809523807,59.924328711886155,96.96969696969697,False,57.692307692307686,0.2,0.2
24,80,0.6,48,128,LogisticRegression.__init__() got an unexpected keyword argument 'multi_class',,,,,,logreg,{'C': 1.0},plus_coherence,,,,,,,,,
24,80,0.6,48,128,,0.2109375,45.0,63.20346320346321,46.92307692307692,False,svm_linear,{'C': 2.0},plus_coherence,66.25,61.349761349761344,28.57142857142857,62.08415348351194,93.93939393939394,False,61.53846153846154,0.2,0.2
24,80,0.6,48,128,LogisticRegression.__init__() got an unexpected keyword argument 'multi_class',,,,,,logreg,{'C': 2.0},plus_coherence,,,,,,,,,
24,80,0.6,48,128,,0.2109375,45.0,63.20346320346321,46.92307692307692,False,lda,{'solver': 'svd'},plus_coherence,68.75,64.52436452436453,38.095238095238095,66.35591574412486,93.93939393939394,False,61.53846153846154,0.7,0.0
24,80,0.6,48,128,,0.2109375,10.0,33.33333333333333,6.0606060606060606,False,lda,{'solver': 'lsqr'},plus_coherence,41.25,33.33333333333333,0.0,19.469026548672566,100.0,False,0.0,0.2,0.0
24,80,0.6,48,128,The covariance matrix of class 0 is not full rank. Increase the value of `reg_param` to reduce the collinearity.,,,,,,qda,{'reg_param': 0.0},plus_coherence,,,,,,,,,
24,80,0.6,48,128,,-1,65.0,77.05627705627705,63.655462184873954,False,qda,{'reg_param': 0.1},plus_coherence,65.0,64.95726495726495,66.66666666666666,64.77541371158392,66.66666666666666,False,61.53846153846154,0.2,0.0
24,80,0.6,48,128,,-1,65.0,77.05627705627705,63.655462184873954,False,qda,{'reg_param': 0.2},plus_coherence,66.25,66.51126651126651,66.66666666666666,66.16485507246377,63.63636363636363,True,69.23076923076923,0.2,0.0
24,80,0.6,48,128,,-1,80.0,84.41558441558442,79.58041958041959,True,gnb,{'var_smoothing': 1e-09},plus_coherence,56.25,61.621711621711626,95.23809523809523,55.55835879610163,24.242424242424242,False,65.38461538461539,0.6499999999999999,0.0
24,80,0.6,48,128,,-1,75.0,81.38528138528139,73.26007326007326,True,gnb,{'var_smoothing': 1e-08},plus_coherence,56.25,61.621711621711626,95.23809523809523,55.55835879610163,24.242424242424242,False,65.38461538461539,0.6499999999999999,0.0
24,80,0.6,48,128,,-1,45.0,47.83549783549783,44.44444444444444,False,nearest_centroid,{},plus_coherence,67.5,66.36696636696637,57.14285714285714,67.22222222222221,72.72727272727273,False,69.23076923076923,0.7,0.0
24,80,0.6,48,128,,0.29296875,45.0,46.1038961038961,43.34521687462865,False,decision_tree,"{'max_depth': 4, 'min_samples_leaf': 2}",plus_coherence,63.74999999999999,61.366411366411356,47.61904761904761,62.832405689548544,78.78787878787878,False,57.692307692307686,0.44999999999999996,0.0
24,80,0.6,48,128,,0.48828125,45.0,34.1991341991342,36.59147869674186,False,decision_tree,"{'max_depth': 6, 'min_samples_leaf': 2}",plus_coherence,72.5,69.86346986346986,57.14285714285714,70.35221522892755,90.9090909090909,False,61.53846153846154,0.2,0.0
24,80,0.6,48,128,,0.64453125,50.0,37.22943722943723,40.51282051282052,False,decision_tree,"{'max_depth': 8, 'min_samples_leaf': 2}",plus_coherence,76.25,75.74647574647574,76.19047619047619,75.3960113960114,81.81818181818183,True,69.23076923076923,0.2,0.0
24,80,0.6,48,128,,0.99609375,55.00000000000001,57.35930735930735,50.326797385620914,False,mlp_tiny,"{'hidden': (12,), 'alpha': 0.0001}",plus_coherence,70.0,66.65556665556666,42.857142857142854,67.3068066685088,87.87878787878788,False,69.23076923076923,0.2,0.0
24,80,0.6,48,128,,0.99609375,55.00000000000001,57.35930735930735,50.326797385620914,False,mlp_tiny,"{'hidden': (12,), 'alpha': 0.001}",plus_coherence,71.25,67.66566766566767,42.857142857142854,68.31579767749982,90.9090909090909,False,69.23076923076923,0.2,0.0
24,80,0.6,48,128,,1.76171875,65.0,75.32467532467533,63.90977443609022,False,mlp_tiny,"{'hidden': (16, 8), 'alpha': 0.0001}",plus_coherence,71.25,69.12531912531912,57.14285714285714,69.5679981394267,84.84848484848484,False,65.38461538461539,0.2,0.0
24,80,0.6,48,128,,1.76171875,55.00000000000001,67.53246753246755,55.639097744360896,False,mlp_tiny,"{'hidden': (16, 8), 'alpha': 0.001}",plus_coherence,76.25,74.8973248973249,71.42857142857143,75.23140196190695,87.87878787878788,True,65.38461538461539,0.2,0.0
24,80,0.6,48,128,,3.01171875,65.0,77.05627705627705,63.655462184873954,False,mlp_tiny,"{'hidden': (24, 12), 'alpha': 0.0001}",plus_coherence,78.75,76.57897657897658,61.904761904761905,77.05790297339593,90.9090909090909,False,76.92307692307693,0.2,0.0
24,80,0.6,48,128,,3.01171875,65.0,77.05627705627705,63.655462184873954,False,mlp_tiny,"{'hidden': (24, 12), 'alpha': 0.001}",plus_coherence,81.25,78.9044289044289,66.66666666666666,79.54425711275026,96.96969696969697,True,73.07692307692307,0.2,0.0
